id;sujet;description;statut;date_creation
1;Stage;../fake-data/blob/hipster.txt;Refusee;2024-03-30T11:17:36
2;Bourse;../fake-data/blob/hipster.txt;Refusee;2024-03-30T14:07:12
3;Attestation_de_reussite;../fake-data/blob/hipster.txt;EnAttente;2024-03-29T18:00:10
4;Stage;../fake-data/blob/hipster.txt;EnAttente;2024-03-29T18:20:07
5;Attestation_de_reussite;../fake-data/blob/hipster.txt;Terminee;2024-03-29T19:29:59
6;Attestation_de_reussite;../fake-data/blob/hipster.txt;Refusee;2024-03-30T15:52:59
7;Bourse;../fake-data/blob/hipster.txt;EnAttente;2024-03-30T16:08:18
8;Attestation_de_reussite;../fake-data/blob/hipster.txt;Terminee;2024-03-30T07:45:07
9;Bourse;../fake-data/blob/hipster.txt;EnAttente;2024-03-30T11:39:45
10;Attestation_de_reussite;../fake-data/blob/hipster.txt;Refusee;2024-03-30T01:50:42
