id;sujet;description;statut;date_creation;proprietaire
1;Conge;../fake-data/blob/hipster.txt;Terminee;2024-03-30T13:47:00;Femme Androgyne
2;Conge;../fake-data/blob/hipster.txt;EnAttente;2024-03-30T05:21:55;groin
3;Rattrapage;../fake-data/blob/hipster.txt;Refusee;2024-03-30T04:34:58;functionalities a UTF8
4;Conge;../fake-data/blob/hipster.txt;EnAttente;2024-03-30T06:39:53;bus
5;Conge;../fake-data/blob/hipster.txt;EnAttente;2024-03-30T02:16:54;joliment ha Quimper
6;Rattrapage;../fake-data/blob/hipster.txt;Refusee;2024-03-30T07:09:41;Bedfordshire Cis
7;Rattrapage;../fake-data/blob/hipster.txt;Terminee;2024-03-30T02:00:57;Nouveau
8;Conge;../fake-data/blob/hipster.txt;Refusee;2024-03-30T00:36:36;beurre Bugatti
9;Conge;../fake-data/blob/hipster.txt;Refusee;2024-03-30T05:27:47;interface Essence henry
10;Rattrapage;../fake-data/blob/hipster.txt;Terminee;2024-03-30T00:09:04;appr√©cier rich Acier
